date,hours,commits
2025-01-04,1.3,1
2025-01-05,1.3499999999999999,1
2025-01-06,3.97,4
2025-01-07,1.4999999999999991,2
2025-01-08,3.0,2
2025-01-09,1.700000000000001,2
2025-01-10,0.0,0
2025-01-11,0.0,0
2025-01-12,0.0,0
2025-01-13,1.8399999999999999,1
2025-01-14,1.0,1
2025-01-15,5.960000000000001,5
2025-01-16,1.6600000000000001,1
2025-01-17,3.919999999999998,4
2025-01-18,1.1999999999999993,1
2025-01-19,0.0,0
2025-01-20,6.259999999999998,4
2025-01-21,4.75,3
2025-01-22,4.330000000000005,2
2025-01-23,6.100000000000001,3
2025-01-24,4.209999999999994,3
2025-01-25,3.230000000000004,2
2025-01-26,2.0,1
2025-01-27,5.030000000000001,4
2025-01-28,3.239999999999995,3
2025-01-29,4.010000000000005,4
2025-01-30,4.719999999999999,3
2025-01-31,3.6099999999999994,2
2025-02-01,4.030000000000001,3
2025-02-02,4.280000000000001,3
2025-02-03,4.849999999999994,3
2025-02-04,3.75,3
2025-02-05,3.3299999999999983,2
2025-02-06,3.75,2
2025-02-07,5.1200000000000045,2
2025-02-08,5.5,4
2025-02-09,3.760000000000005,3
2025-02-10,3.8299999999999983,2
2025-02-11,0.0,0
2025-02-12,5.609999999999999,2
2025-02-13,3.249999999999986,3
2025-02-14,4.050000000000011,1
2025-02-15,0.0,0
2025-02-16,0.0,0
2025-02-17,5.4199999999999875,2
2025-02-18,6.0,2
2025-02-19,5.5800000000000125,2
2025-02-20,4.4199999999999875,3
2025-02-21,6.690000000000026,2
2025-02-22,4.5,2
2025-02-23,6.0,2
2025-02-24,6.329999999999984,2
2025-02-25,5.740000000000009,2
2025-02-26,9.219999999999999,3
2025-02-27,6.5,2
2025-02-28,7.400000000000006,3
2025-03-01,6.25,2
2025-03-02,6.6299999999999955,3
2025-03-03,8.25,3
2025-03-04,7.6699999999999875,3
2025-03-05,7.0,2
2025-03-06,6.170000000000016,2
2025-03-07,8.580000000000013,3
2025-03-08,6.25,2
2025-03-09,0.0,0
2025-03-10,0.0,0
2025-03-11,1.079999999999984,1
2025-03-12,0.0,0
2025-03-13,0.0,0
2025-03-14,1.579999999999984,1
2025-03-15,0.0,0
2025-03-16,1.5,1
2025-03-17,5.5,2
2025-03-18,8.079999999999984,3
2025-03-19,10.5,3
2025-03-20,2.0,1
2025-03-21,0.0,0
2025-03-22,0.0,0
2025-03-23,0.0,0
2025-03-24,0.0,0
2025-03-25,0.0,0
2025-03-26,3.0,2
2025-03-27,6.0,2
2025-03-28,5.25,2
2025-03-29,6.25,3
2025-03-30,5.010000000000048,2
2025-03-31,4.25,1
2025-04-01,4.779999999999973,2
2025-04-02,8.699999999999989,3
2025-04-03,5.800000000000011,2
2025-04-04,2.0600000000000023,1
2025-04-05,0.0,0
2025-04-06,0.0,0
2025-04-07,8.379999999999995,3
2025-04-08,4.160000000000025,1
2025-04-09,4.289999999999964,2
2025-04-10,0.0,0
2025-04-11,4.25,1
2025-04-12,5.0,1
2025-04-13,4.5,1
2025-04-14,3.5,1
2025-04-15,3.1000000000000227,1
2025-04-16,4.5,1
2025-04-17,5.0,1
2025-04-18,1.0,1
2025-04-19,2.25,1
2025-04-20,2.25,1
2025-04-21,2.0,1
2025-04-22,0.8000000000000114,1
2025-04-23,0.0,0
2025-04-24,3.0,1
2025-04-25,3.0,1
